C_size,A_size,log2(nbytes),difficulty,#distinguished_points,log2(#distinguished_points),#collisions,log2(#collisions),#updates,time(sec)
16, 16, 12.321928, 0, 7797864, 22.894648, 18347, 14.163257, 24368, 273.760264
16, 16, 12.321928, 0, 18381067, 24.131717, 43066, 15.394262, 57440, 993.986540
16, 16, 12.321928, 0, 158389580, 27.238902, 371234, 18.501969, 494967, 5693.085064
16, 16, 12.321928, 0, 21840614, 24.380510, 51282, 15.646165, 68251, 873.149832
16, 16, 12.321928, 0, 95758966, 26.512904, 225103, 17.780226, 299246, 3122.967048
16, 16, 12.321928, 0, 12665501, 23.594401, 29631, 14.854820, 39579, 541.402702
16, 16, 12.321928, 0, 83142237, 26.309078, 194838, 17.571916, 259819, 3885.174567
16, 16, 12.321928, 0, 8606835, 23.037051, 20161, 14.299280, 26896, 240.922921
16, 16, 12.321928, 0, 19727163, 24.233680, 46266, 15.497665, 61647, 854.799560
16, 16, 12.321928, 0, 17828382, 24.087672, 41774, 15.350318, 55713, 705.805308
16, 16, 12.321928, 0, 53100982, 25.662235, 124819, 16.929478, 165940, 1604.732954
16, 16, 12.321928, 0, 3336725, 21.670001, 7866, 12.941414, 10427, 191.091697
16, 16, 12.321928, 0, 28099383, 24.744035, 66151, 16.013475, 87810, 1190.162907
16, 16, 12.321928, 0, 45770863, 25.447926, 107801, 16.718011, 143033, 2728.440541
16, 16, 12.321928, 0, 27235112, 24.698964, 63993, 15.965626, 85109, 1110.002194
16, 16, 12.321928, 0, 146628740, 27.127593, 344230, 18.393013, 458214, 5167.798731
16, 16, 12.321928, 0, 133605269, 26.993402, 314573, 18.263035, 417516, 4617.135061
16, 16, 12.321928, 0, 17261127, 24.041023, 40440, 15.303495, 53941, 681.141078
16, 16, 12.321928, 0, 2537790, 21.275141, 6096, 12.573647, 7930, 69.892688
16, 16, 12.321928, 0, 55031423, 25.713752, 129515, 16.982760, 171973, 1639.293694
16, 16, 12.321928, 0, 47735874, 25.508571, 112140, 16.774941, 149174, 5392.639734
16, 16, 12.321928, 0, 105305049, 26.649999, 247270, 17.915728, 329078, 5362.532371
16, 16, 12.321928, 0, 5845685, 22.478941, 13514, 13.722167, 18267, 225.457723
16, 16, 12.321928, 0, 850447, 19.697862, 2072, 11.016808, 2657, 29.851933
16, 16, 12.321928, 0, 63448501, 25.919083, 148754, 17.182569, 198276, 2853.904939
16, 16, 12.321928, 0, 113820890, 26.762190, 267283, 18.028009, 355690, 3725.632244
16, 16, 12.321928, 0, 40148943, 25.258859, 94506, 16.528118, 125465, 2460.556406
16, 16, 12.321928, 0, 27630148, 24.719740, 65011, 15.988396, 86344, 1924.125966
16, 16, 12.321928, 0, 25336888, 24.594736, 59340, 15.856717, 79177, 1008.516943
16, 16, 12.321928, 0, 61532686, 25.874850, 144324, 17.138952, 192289, 1797.627374
16, 16, 12.321928, 0, 8584757, 23.033346, 20042, 14.290739, 26827, 434.125878
16, 16, 12.321928, 0, 76339489, 26.185926, 180233, 17.459504, 238560, 3636.098694
16, 16, 12.321928, 1, 5756263, 22.456701, 27976, 14.771902, 17988, 528.320580
16, 16, 12.321928, 1, 34315491, 25.032357, 165908, 17.340024, 107236, 4744.859274
16, 16, 12.321928, 1, 7263593, 22.792252, 34803, 15.086924, 22698, 476.593649
16, 16, 12.321928, 1, 3590018, 21.775560, 17300, 14.078484, 11218, 204.139872
16, 16, 12.321928, 1, 6303384, 22.587695, 30563, 14.899499, 19698, 630.729447
16, 16, 12.321928, 1, 2124212, 21.018496, 10288, 13.328675, 6638, 152.851931
16, 16, 12.321928, 1, 4277895, 22.028470, 20870, 14.349143, 13368, 386.485836
16, 16, 12.321928, 1, 17627966, 24.071363, 84732, 16.370619, 55087, 1251.457014
16, 16, 12.321928, 1, 10490255, 23.322546, 50590, 15.626565, 32782, 1318.154157
16, 16, 12.321928, 1, 6550017, 22.643067, 31665, 14.950601, 20468, 850.579075
16, 16, 12.321928, 1, 13550592, 23.691853, 65225, 15.993137, 42345, 916.474474
16, 16, 12.321928, 1, 83562413, 26.316351, 403805, 18.623299, 261133, 20034.733809
16, 16, 12.321928, 1, 2286120, 21.124470, 10912, 13.413628, 7144, 195.026106
16, 16, 12.321928, 1, 64132884, 25.934561, 308808, 18.236351, 200415, 13411.422743
16, 16, 12.321928, 1, 67497675, 26.008334, 326124, 18.315061, 210930, 5479.483428
16, 16, 12.321928, 1, 180843814, 27.430169, 873049, 19.735703, 565138, 17889.940075
16, 16, 12.321928, 1, 52002426, 25.632076, 251147, 17.938173, 162508, 8904.788084
16, 16, 12.321928, 1, 110944419, 26.725262, 535286, 19.029950, 346702, 10540.855664
16, 16, 12.321928, 1, 9515, 13.215988, 55, 5.781360, 29, 3.412326
16, 16, 12.321928, 1, 16636713, 23.987867, 80225, 16.291764, 51989, 1550.946465
16, 16, 12.321928, 1, 60092496, 25.840682, 289809, 18.144743, 187789, 10890.693744
16, 16, 12.321928, 1, 4700272, 22.164313, 22613, 14.464865, 14688, 338.340819
16, 16, 12.321928, 1, 3309505, 21.658184, 16271, 13.990015, 10342, 406.801331
16, 16, 12.321928, 1, 16012024, 23.932652, 77490, 16.241723, 50037, 1503.598995
16, 16, 12.321928, 1, 208791815, 27.637490, 1007858, 19.942861, 652476, 32860.340550
16, 16, 12.321928, 1, 12982296, 23.630042, 62649, 15.935004, 40569, 1434.849276
16, 16, 12.321928, 1, 11671340, 23.476467, 56604, 15.788616, 36473, 1148.406651
16, 16, 12.321928, 1, 51234641, 25.610616, 247199, 17.915313, 160108, 8853.897135
16, 16, 12.321928, 1, 22920325, 24.450124, 110614, 16.755174, 71626, 1586.073406
16, 16, 12.321928, 1, 66948020, 25.996538, 323106, 18.301648, 209213, 8762.245695
16, 16, 12.321928, 1, 21610385, 24.365221, 104530, 16.673558, 67532, 3423.159596
16, 16, 12.321928, 1, 1855404, 20.823302, 8977, 13.132018, 5798, 130.411484
16, 16, 12.321928, 2, 4971568, 22.245270, 44742, 15.449342, 15537, 987.440372
16, 16, 12.321928, 2, 16437295, 23.970470, 147079, 17.166232, 51369, 6231.800565
16, 16, 12.321928, 2, 11381094, 23.440136, 101724, 16.634301, 35568, 3059.026164
16, 16, 12.321928, 2, 6076598, 22.534832, 54898, 15.744466, 18990, 2287.707257
16, 16, 12.321928, 2, 8097079, 22.948970, 72695, 16.149569, 25304, 1618.746908
16, 16, 12.321928, 2, 36485077, 25.120803, 326995, 18.318909, 114022, 7932.362223
16, 16, 12.321928, 2, 10799132, 23.364412, 96441, 16.557359, 33749, 3192.422218
16, 16, 12.321928, 2, 33364053, 24.991791, 299518, 18.192283, 104269, 11711.522999
16, 16, 12.321928, 2, 1878919, 20.841471, 16656, 14.023754, 5871, 815.384722
16, 16, 12.321928, 2, 9310681, 23.150455, 83747, 16.353750, 29097, 1795.956756
16, 16, 12.321928, 2, 51085042, 25.606398, 457009, 18.801863, 159650, 17168.770071
16, 16, 12.321928, 2, 46628067, 25.474695, 417492, 18.671389, 145721, 10317.859335
16, 16, 12.321928, 2, 26591428, 24.664458, 237886, 17.859911, 83103, 11500.461580
16, 16, 12.321928, 2, 58597050, 25.804325, 525506, 19.003348, 183127, 13487.462383
16, 16, 12.321928, 2, 64911960, 25.951981, 580689, 19.147406, 202862, 24115.495198
16, 16, 12.321928, 2, 6485143, 22.628707, 58487, 15.835828, 20267, 1338.496174
16, 16, 12.321928, 2, 717075, 19.451764, 6455, 12.656201, 2240, 171.302997
16, 16, 12.321928, 2, 9960494, 23.247786, 89295, 16.446292, 31128, 2745.665835
16, 16, 12.321928, 2, 24486268, 24.545470, 218711, 17.738666, 76524, 13745.129576
16, 16, 12.321928, 2, 34760072, 25.050928, 311676, 18.249688, 108632, 7232.935508
16, 16, 12.321928, 2, 40595845, 25.274829, 362636, 18.468163, 126870, 13026.842286
16, 16, 12.321928, 2, 22375819, 24.415437, 201245, 17.618593, 69928, 15564.541962
16, 16, 12.321928, 2, 1125945, 20.102705, 10174, 13.312599, 3518, 272.287681
16, 16, 12.321928, 2, 9556014, 23.187978, 85527, 16.384092, 29864, 3521.720389
16, 16, 12.321928, 2, 499770, 18.930905, 4454, 12.120886, 1561, 110.251423
16, 16, 12.321928, 2, 20218744, 24.269190, 180768, 17.463780, 63187, 3761.422563
16, 16, 12.321928, 2, 6368133, 22.602439, 57051, 15.799965, 19901, 1880.461758
16, 16, 12.321928, 2, 6250788, 22.575607, 55910, 15.770819, 19534, 1351.055526
16, 16, 12.321928, 2, 2123997, 21.018350, 19108, 14.221889, 6637, 760.882985
16, 16, 12.321928, 2, 8443801, 23.009461, 75880, 16.211432, 26388, 2459.817041
16, 16, 12.321928, 2, 5338900, 22.348111, 47895, 15.547587, 16685, 1595.122837
16, 16, 12.321928, 2, 33887316, 25.014242, 304167, 18.214504, 105904, 6916.344616
16, 16, 12.321928, 3, 3764809, 21.844145, 62644, 15.934889, 11771, 2901.449086
16, 16, 12.321928, 3, 9423759, 23.167871, 158302, 17.272320, 29466, 12357.453331
16, 16, 12.321928, 3, 12003928, 23.517003, 201301, 17.618995, 37534, 5588.308450
16, 16, 12.321928, 3, 1993687, 20.927008, 33535, 15.033380, 6233, 852.366801
16, 16, 12.321928, 3, 4810008, 22.197608, 80105, 16.289605, 15040, 5353.635817
16, 16, 12.321928, 3, 6580115, 22.649681, 110113, 16.748625, 20574, 6684.861696
16, 16, 12.321928, 3, 2690368, 21.359372, 44926, 15.455263, 8412, 2572.277075
16, 16, 12.321928, 3, 1867459, 20.832645, 31076, 14.923513, 5839, 1320.455524
16, 16, 12.321928, 3, 196548, 17.584522, 3251, 11.666668, 614, 208.580540
16, 16, 12.321928, 3, 12125962, 23.531596, 202006, 17.624039, 37915, 13189.661932
16, 16, 12.321928, 3, 25987205, 24.631298, 433478, 18.725599, 81256, 19356.606467
16, 16, 12.321928, 3, 5756246, 22.456697, 95835, 16.548265, 17998, 2582.165726
16, 16, 12.321928, 3, 3739742, 21.834507, 62292, 15.926759, 11693, 2546.319188
16, 16, 12.321928, 3, 7466184, 22.831940, 124981, 16.931349, 23345, 6676.060611
16, 16, 12.321928, 3, 16486089, 23.974746, 275825, 18.073394, 51549, 16128.374995
16, 16, 12.321928, 3, 5457080, 22.379698, 91086, 16.474942, 17063, 2999.647303
16, 16, 12.321928, 3, 14827385, 23.821761, 247122, 17.914864, 46361, 15690.073529
16, 16, 12.321928, 3, 2438387, 21.217496, 40463, 15.304316, 7624, 1588.486367
16, 16, 12.321928, 3, 28844383, 24.781787, 482759, 18.880944, 90190, 22535.311729
16, 16, 12.321928, 3, 11153172, 23.410951, 186468, 17.508569, 34874, 5197.111764
16, 16, 12.321928, 3, 26769877, 24.674107, 447161, 18.770435, 83703, 19989.850302
16, 16, 12.321928, 3, 5102841, 22.282869, 85128, 16.377346, 15955, 3407.531868
16, 16, 12.321928, 3, 1001782, 19.934137, 16684, 14.026178, 3132, 472.315457
16, 16, 12.321928, 3, 28843236, 24.781730, 481346, 18.876715, 90187, 43839.450575
16, 16, 12.321928, 3, 1636076, 20.641808, 27644, 14.754679, 5115, 1094.148990
16, 16, 12.321928, 3, 753013, 19.522315, 12504, 13.610102, 2354, 545.715781
16, 16, 12.321928, 3, 16303276, 23.958659, 273030, 18.058700, 50977, 8691.981515
16, 16, 12.321928, 3, 23265, 14.505874, 388, 8.599913, 72, 17.170402
16, 16, 12.321928, 3, 4345397, 22.051057, 72580, 16.147284, 13587, 2124.696120
16, 16, 12.321928, 3, 554614, 19.081125, 9246, 13.174614, 1734, 617.546845
16, 16, 12.321928, 3, 18396044, 24.132892, 307959, 18.232379, 57520, 17587.313071
16, 16, 12.321928, 3, 5706818, 22.444255, 95871, 16.548807, 17843, 3986.327065
16, 16, 12.321928, 4, 10279717, 23.293297, 306820, 18.227033, 32225, 18913.438892
16, 16, 12.321928, 4, 8292450, 22.983367, 248428, 17.922468, 25994, 30186.327817
16, 16, 12.321928, 4, 1677405, 20.677800, 50696, 15.629584, 5258, 3224.330651
16, 16, 12.321928, 4, 2726965, 21.378865, 81581, 16.315946, 8548, 3093.359737
16, 16, 12.321928, 4, 2135979, 21.026466, 63559, 15.955809, 6695, 3800.768171
16, 16, 12.321928, 4, 3104766, 21.566053, 93238, 16.508630, 9732, 2641.255867
16, 16, 12.321928, 4, 2364590, 21.173159, 70953, 16.114576, 7412, 2883.162399
16, 16, 12.321928, 4, 7502414, 22.838923, 224613, 17.777082, 23518, 13589.809194
16, 16, 12.321928, 4, 8479775, 23.015595, 253913, 17.953975, 26581, 6799.688421
16, 16, 12.321928, 4, 1270980, 20.277510, 38271, 15.223964, 3984, 2016.853570
16, 16, 12.321928, 4, 116022, 16.824039, 3507, 11.776022, 363, 171.135001
16, 16, 12.321928, 4, 2531880, 21.271778, 75803, 16.209967, 7935, 7639.485109
16, 16, 12.321928, 4, 272733, 18.057130, 8167, 12.995591, 854, 282.383324
16, 16, 12.321928, 4, 1733599, 20.725339, 52107, 15.669190, 5434, 3771.391314
16, 16, 12.321928, 4, 1578292, 20.589933, 46698, 15.511073, 4946, 1766.282978
16, 16, 12.321928, 4, 380501, 18.537541, 11295, 13.463397, 1192, 623.974645
16, 16, 12.321928, 4, 1493441, 20.510209, 44640, 15.446049, 4681, 1921.937228
16, 16, 12.321928, 4, 130695, 16.995844, 4125, 12.010178, 409, 182.661288
16, 16, 12.321928, 4, 11428091, 23.446081, 342403, 18.385336, 35825, 13224.535955
16, 16, 12.321928, 4, 4486731, 22.097233, 134931, 17.041862, 14065, 6712.469726
16, 16, 12.321928, 4, 476588, 18.862383, 14223, 13.795938, 1493, 589.103836
16, 16, 12.321928, 4, 5380890, 22.359413, 161172, 17.298242, 16868, 8936.567255
16, 16, 12.321928, 4, 54489, 15.733677, 1564, 10.611025, 170, 94.707675
16, 16, 12.321928, 4, 1840833, 20.811927, 55329, 15.755748, 5770, 2824.108018
16, 16, 12.321928, 4, 4946382, 22.237942, 148142, 17.176621, 15506, 4269.302402
16, 16, 12.321928, 4, 10730380, 23.355198, 320834, 18.291468, 33636, 14844.921125
16, 16, 12.321928, 4, 925645, 19.820099, 28015, 14.773912, 2901, 1848.295080
16, 16, 12.321928, 4, 2438141, 21.217350, 72933, 16.154284, 7643, 4697.560381
16, 16, 12.321928, 4, 1492193, 20.509003, 44657, 15.446599, 4677, 1353.568520
16, 16, 12.321928, 4, 2469144, 21.235580, 73889, 16.173072, 7739, 3021.269826
16, 16, 12.321928, 5, 1834940, 20.807301, 98454, 16.587162, 5810, 4021.370713
16, 16, 12.321928, 5, 850516, 19.697979, 45546, 15.475037, 2695, 12019.969391
16, 16, 12.321928, 5, 2299564, 21.132929, 123765, 16.917244, 7284, 15153.049555
16, 16, 12.321928, 5, 2131631, 21.023526, 113645, 16.794175, 6756, 7027.029812
16, 16, 12.321928, 5, 890188, 19.763751, 47581, 15.538098, 2819, 9419.959694
16, 16, 12.321928, 5, 995767, 19.925449, 53490, 15.706982, 3154, 3732.860714
16, 16, 12.321928, 5, 1411820, 20.429125, 75856, 16.210976, 4475, 6022.890235
16, 16, 12.321928, 5, 1528648, 20.543825, 82298, 16.328570, 4843, 4758.942796
16, 16, 12.321928, 5, 744992, 19.506865, 39756, 15.278885, 2360, 11030.449133
16, 16, 12.321928, 5, 2008664, 20.937805, 108122, 16.722301, 6364, 7058.812217
16, 16, 12.321928, 5, 553028, 19.076993, 29716, 14.858952, 1752, 3770.046047
16, 16, 12.321928, 5, 1151728, 20.135369, 61374, 15.905340, 3648, 6815.174971
16, 16, 12.321928, 5, 2445751, 21.221846, 130554, 16.994287, 7750, 11810.986288
16, 16, 12.321928, 5, 1051024, 20.003364, 56145, 15.776870, 3329, 7412.350877
16, 16, 12.321928, 5, 6578528, 22.649333, 352291, 18.426408, 20839, 18263.505460
16, 16, 12.321928, 5, 2147022, 21.033906, 114566, 16.805819, 6804, 16558.265834
16, 16, 12.321928, 5, 1510683, 20.526770, 81269, 16.310418, 4785, 13211.568118
16, 16, 13.321928, 0, 10421340, 23.313037, 49011, 15.580818, 16283, 263.244488
16, 16, 13.321928, 0, 34528897, 25.041301, 162010, 17.305723, 53951, 2298.458821
16, 16, 13.321928, 0, 235302926, 27.809944, 1103942, 20.074233, 367660, 18952.596920
16, 16, 13.321928, 0, 27279337, 24.701305, 127888, 16.964521, 42623, 746.335033
16, 16, 13.321928, 0, 2318076, 21.144496, 10916, 13.414157, 3621, 82.131096
16, 16, 13.321928, 0, 44147735, 25.395836, 206836, 17.658128, 68980, 1305.819592
16, 16, 13.321928, 0, 53945233, 25.684992, 252953, 17.948510, 84289, 2661.385790
16, 16, 13.321928, 0, 73968334, 26.140404, 348411, 18.410431, 115575, 2828.440218
16, 16, 13.321928, 0, 28373677, 24.758050, 133373, 17.025107, 44333, 1752.966168
16, 16, 13.321928, 0, 90524123, 26.431799, 425043, 18.697249, 141443, 6088.178477
16, 16, 13.321928, 0, 152335043, 27.182673, 715652, 19.448899, 238023, 7951.772706
16, 16, 13.321928, 0, 76634680, 26.191494, 359228, 18.454540, 119741, 4333.502603
16, 16, 13.321928, 0, 12262947, 23.547802, 57552, 15.812578, 19160, 1194.189524
16, 16, 13.321928, 0, 13944041, 23.733145, 65622, 16.001892, 21787, 729.520740
16, 16, 13.321928, 0, 18150237, 24.113485, 84569, 16.367841, 28359, 508.384381
16, 16, 13.321928, 0, 38077094, 25.182420, 178487, 17.445459, 59495, 2333.423820
16, 16, 13.321928, 0, 31138008, 24.892173, 145623, 17.151879, 48653, 2705.669658
16, 16, 13.321928, 0, 5838552, 22.477179, 27467, 14.745412, 9122, 253.074947
16, 16, 13.321928, 0, 10480775, 23.321242, 49099, 15.583406, 16376, 833.968967
16, 16, 13.321928, 0, 75807843, 26.175844, 355400, 18.439084, 118449, 3761.945121
16, 16, 13.321928, 0, 90904820, 26.437853, 426045, 18.700646, 142038, 4736.908233
16, 16, 13.321928, 0, 23285530, 24.472930, 108900, 16.732644, 36383, 2076.532605
16, 16, 13.321928, 0, 12219727, 23.542709, 57476, 15.810672, 19093, 528.931659
16, 16, 13.321928, 0, 37019306, 25.141775, 173634, 17.405690, 57842, 1628.872350
16, 16, 13.321928, 0, 13120167, 23.645283, 61270, 15.902893, 20500, 364.391155
16, 16, 13.321928, 0, 6780553, 22.692972, 31587, 14.947043, 10594, 404.826077
16, 16, 13.321928, 0, 5203763, 22.311124, 24566, 14.584375, 8130, 252.940849
16, 16, 13.321928, 0, 14098033, 23.748991, 66303, 16.016787, 22028, 1097.694921
16, 16, 13.321928, 0, 13984626, 23.737338, 65881, 16.007575, 21850, 873.751915
16, 16, 13.321928, 0, 61364307, 25.870896, 288278, 18.137101, 95881, 1790.958186
16, 16, 13.321928, 0, 5416616, 22.368960, 25651, 14.646727, 8463, 246.050013
16, 16, 13.321928, 0, 52547926, 25.647130, 246807, 17.913024, 82106, 5435.024510
16, 16, 13.321928, 1, 10609730, 23.338885, 101583, 16.632299, 16577, 1644.208758
16, 16, 13.321928, 1, 20178632, 24.266325, 193945, 17.565288, 31529, 2119.514218
16, 16, 13.321928, 1, 20171272, 24.265799, 194173, 17.566983, 31517, 4238.464436
16, 16, 13.321928, 1, 724105, 19.465839, 6843, 12.740413, 1131, 98.234850
16, 16, 13.321928, 1, 1315993, 20.327720, 12607, 13.621937, 2056, 140.888954
16, 16, 13.321928, 1, 452044, 18.786104, 4275, 12.061709, 706, 48.257812
16, 16, 13.321928, 1, 49264286, 25.554039, 473735, 18.853721, 76975, 10322.098826
16, 16, 13.321928, 1, 15933599, 23.925569, 153001, 17.223182, 24896, 1753.058294
16, 16, 13.321928, 1, 19417377, 24.210845, 186520, 17.508971, 30339, 1321.893200
16, 16, 13.321928, 1, 3329007, 21.666660, 31802, 14.956830, 5201, 250.227919
16, 16, 13.321928, 1, 136171595, 27.020851, 1307299, 20.318158, 212769, 22447.448980
16, 16, 13.321928, 1, 4158598, 21.987666, 39713, 15.277324, 6497, 533.176356
16, 16, 13.321928, 1, 5930037, 22.499610, 57083, 15.800774, 9265, 648.741131
16, 16, 13.321928, 1, 44356406, 25.402639, 425384, 18.698406, 69307, 5357.145117
16, 16, 13.321928, 1, 12771107, 23.606380, 122330, 16.900419, 19954, 1210.194917
16, 16, 13.321928, 1, 17580749, 24.067493, 169105, 17.367560, 27470, 2428.668165
16, 16, 13.321928, 1, 1779246, 20.762835, 17031, 14.055876, 2780, 170.683771
16, 16, 13.321928, 1, 25748191, 24.617968, 246758, 17.912737, 40231, 4217.082076
16, 16, 13.321928, 1, 48281555, 25.524969, 463272, 18.821500, 75440, 7135.638141
16, 16, 13.321928, 1, 43817621, 25.385008, 421644, 18.685666, 68465, 4789.429655
16, 16, 13.321928, 1, 4874915, 22.216946, 46904, 15.517423, 7617, 619.731356
16, 16, 13.321928, 1, 34349813, 25.033799, 329073, 18.328048, 53671, 7330.115244
16, 16, 13.321928, 1, 2205019, 21.072360, 21348, 14.381813, 3445, 258.552783
16, 16, 13.321928, 1, 34416154, 25.036583, 330463, 18.334129, 53775, 3385.564453
16, 16, 13.321928, 1, 3651691, 21.800133, 34734, 15.084061, 5705, 1039.700783
16, 16, 13.321928, 1, 5965388, 22.508185, 57067, 15.800369, 9320, 679.855629
16, 16, 13.321928, 1, 17538161, 24.063994, 167670, 17.355265, 27403, 4397.197309
16, 16, 13.321928, 1, 17193923, 24.035395, 164859, 17.330873, 26865, 2406.277907
16, 16, 13.321928, 1, 39837377, 25.247619, 381832, 18.542578, 62246, 6176.564280
16, 16, 13.321928, 1, 35269332, 25.071911, 338251, 18.367735, 55108, 2438.977144
16, 16, 13.321928, 1, 64600388, 25.945039, 620979, 19.244185, 100938, 11896.229729
16, 16, 13.321928, 1, 6342314, 22.596578, 60521, 15.885148, 9909, 1285.543984
16, 16, 13.321928, 2, 289524, 18.143323, 5111, 12.319390, 452, 73.623031
16, 16, 13.321928, 2, 4620358, 22.139573, 81503, 16.314566, 7219, 1874.059468
16, 16, 13.321928, 2, 16809313, 24.002757, 297309, 18.181604, 26267, 3360.073805
16, 16, 13.321928, 2, 22506529, 24.423840, 398366, 18.603735, 35169, 10510.683776
16, 16, 13.321928, 2, 15804051, 23.913791, 279169, 18.090779, 24696, 3176.518433
16, 16, 13.321928, 2, 179405, 17.452861, 3120, 11.607330, 280, 52.314830
16, 16, 13.321928, 2, 5614322, 22.420680, 99726, 16.605682, 8773, 1240.724670
16, 16, 13.321928, 2, 8687156, 23.050453, 153363, 17.226591, 13574, 3034.763298
16, 16, 13.321928, 2, 6923291, 22.723027, 121954, 16.895978, 10818, 1641.413410
16, 16, 13.321928, 2, 14670050, 23.806370, 260162, 17.989051, 22924, 3248.852892
16, 16, 13.321928, 2, 32928000, 24.972812, 581107, 19.148444, 51454, 16644.642013
16, 16, 13.321928, 2, 15299948, 23.867023, 269571, 18.040306, 23908, 8967.165046
16, 16, 13.321928, 2, 9067567, 23.112284, 160385, 17.291180, 14169, 1996.844873
16, 16, 13.321928, 2, 40349339, 25.266042, 712155, 19.441832, 63051, 20691.124731
16, 16, 13.321928, 2, 698012, 19.412892, 12474, 13.606637, 1090, 231.011480
16, 16, 13.321928, 2, 20501838, 24.289250, 361673, 18.464326, 32037, 7948.093559
16, 16, 13.321928, 2, 9753394, 23.217473, 173097, 17.401221, 15241, 3590.890477
16, 16, 13.321928, 2, 11529683, 23.458850, 203824, 17.636964, 18016, 2616.369637
16, 16, 13.321928, 2, 1151926, 20.135617, 20354, 14.313025, 1800, 302.639918
16, 16, 13.321928, 2, 1710783, 20.706225, 30148, 14.879775, 2673, 344.192520
16, 16, 13.321928, 2, 7595906, 22.856791, 134256, 17.034627, 11869, 3513.314099
16, 16, 13.321928, 2, 2088928, 20.994331, 37097, 15.179015, 3264, 452.680698
16, 16, 13.321928, 2, 16313498, 23.959563, 288840, 18.139911, 25492, 10220.967154
16, 16, 13.321928, 2, 2811963, 21.423146, 49928, 15.607561, 4394, 1277.709134
16, 16, 13.321928, 2, 3164041, 21.593337, 56259, 15.779796, 4944, 1818.514307
16, 16, 13.321928, 2, 744727, 19.506352, 13286, 13.697619, 1163, 268.656093
16, 16, 13.321928, 2, 23691382, 24.497859, 418542, 18.675013, 37021, 17388.828386
16, 16, 13.321928, 2, 15781837, 23.911762, 278390, 18.086748, 24661, 7958.444965
16, 16, 13.321928, 2, 3696170, 21.817600, 65149, 15.991455, 5775, 1531.345216
16, 16, 13.321928, 2, 25419834, 24.599451, 449687, 18.778562, 39722, 9228.483223
16, 16, 13.321928, 2, 28754280, 24.777273, 509141, 18.957706, 44932, 8259.977772
16, 16, 13.321928, 2, 954471, 19.864342, 16800, 14.036174, 1491, 425.307439
16, 16, 13.321928, 3, 1554351, 20.567881, 50514, 15.624396, 2430, 1049.247526
16, 16, 13.321928, 3, 1752859, 20.741279, 56976, 15.798067, 2740, 2866.992014
16, 16, 13.321928, 3, 200404, 17.612552, 6495, 12.665114, 313, 120.978925
16, 16, 13.321928, 3, 7404905, 22.820050, 241206, 17.879906, 11578, 9201.257639
16, 16, 13.321928, 3, 5185871, 22.306155, 168797, 17.364930, 8108, 2667.863732
16, 16, 13.321928, 3, 1914255, 20.868352, 62045, 15.921027, 2993, 918.226436
16, 16, 13.321928, 3, 5126620, 22.289577, 166963, 17.349169, 8016, 6855.428425
16, 16, 13.321928, 3, 51638, 15.656146, 1639, 10.678600, 80, 39.283013
16, 16, 13.321928, 3, 1011654, 19.948285, 32793, 15.001100, 1581, 505.891805
16, 16, 13.321928, 3, 14579554, 23.797443, 473961, 18.854409, 22796, 15061.149696
16, 16, 13.321928, 3, 845166, 19.688875, 27146, 14.728452, 1321, 757.879262
16, 16, 13.321928, 3, 1479644, 20.496819, 48011, 15.551077, 2313, 1111.861184
16, 16, 13.321928, 3, 119246, 16.863581, 3843, 11.908017, 186, 129.305890
16, 16, 13.321928, 3, 1901145, 20.858437, 62018, 15.920399, 2972, 1590.536340
16, 16, 13.321928, 3, 239030, 17.866832, 7819, 12.932768, 373, 144.592555
16, 16, 13.321928, 3, 1219189, 20.217490, 39647, 15.274924, 1906, 558.615060
16, 16, 13.321928, 3, 8098928, 22.949300, 264199, 18.011265, 12663, 9234.187772
16, 16, 13.321928, 3, 8995055, 23.100701, 292771, 18.159413, 14064, 4371.002118
16, 16, 13.321928, 3, 5644075, 22.428306, 183690, 17.486914, 8825, 2912.753696
16, 16, 13.321928, 3, 1226821, 20.226493, 39924, 15.284969, 1918, 1028.432088
16, 16, 13.321928, 3, 3666047, 21.805794, 119180, 16.862783, 5732, 2197.507663
16, 16, 13.321928, 3, 6048989, 22.528263, 196494, 17.584126, 9458, 3082.149521
16, 16, 13.321928, 3, 4672431, 22.155742, 152463, 17.218100, 7305, 2078.680428
16, 16, 13.321928, 3, 2605587, 21.313177, 85373, 16.381492, 4074, 2688.747622
16, 16, 13.321928, 3, 1262757, 20.268146, 41081, 15.326184, 1974, 1025.751212
16, 16, 13.321928, 3, 5015922, 22.258083, 162215, 17.307548, 7842, 2362.389245
16, 16, 13.321928, 3, 1417438, 20.434854, 46583, 15.507516, 2216, 1800.271751
16, 16, 13.321928, 3, 1579500, 20.591037, 51471, 15.651472, 2469, 1371.086179
16, 16, 13.321928, 3, 9126633, 23.121651, 297485, 18.182457, 14270, 6361.704920
16, 16, 13.321928, 3, 13673700, 23.704900, 444042, 18.760337, 21380, 10708.560974
16, 16, 13.321928, 3, 4518403, 22.107382, 147024, 17.165692, 7064, 3690.510326
16, 16, 13.321928, 3, 105838, 16.691498, 3464, 11.758223, 165, 63.198164
16, 16, 13.321928, 4, 1081186, 20.044183, 61732, 15.913731, 1695, 1312.892923
16, 16, 13.321928, 4, 707812, 19.433007, 40810, 15.316635, 1109, 784.006601
16, 16, 13.321928, 4, 4147206, 21.983708, 236077, 17.848898, 6501, 3944.454511
16, 16, 13.321928, 4, 360352, 18.459047, 20361, 14.313521, 565, 619.432034
16, 16, 13.321928, 4, 1744570, 20.734440, 99340, 16.600087, 2734, 5507.726069
16, 16, 13.321928, 4, 2355744, 21.167751, 134440, 17.036603, 3693, 5087.014281
16, 16, 13.321928, 4, 2272750, 21.116008, 129587, 16.983561, 3563, 11200.606458
16, 16, 13.321928, 4, 599112, 19.192466, 33832, 15.046101, 939, 1276.763865
16, 16, 13.321928, 4, 2505325, 21.256566, 142576, 17.121372, 3927, 6685.193702
16, 16, 13.321928, 4, 847808, 19.693378, 48444, 15.564030, 1329, 1080.073981
16, 16, 13.321928, 4, 583892, 19.155342, 33841, 15.046485, 915, 1629.049832
16, 16, 13.321928, 4, 1712643, 20.707793, 97745, 16.576735, 2684, 2951.261427
16, 16, 13.321928, 4, 152301, 17.216566, 8696, 13.086136, 238, 423.421354
16, 16, 13.321928, 4, 2199947, 21.069037, 125833, 16.941151, 3448, 2306.437174
16, 16, 13.321928, 4, 226997, 17.792314, 12900, 13.655083, 355, 511.836390
16, 16, 13.321928, 4, 1336150, 20.349651, 76425, 16.221757, 2094, 2837.237890
16, 16, 13.321928, 4, 8499610, 23.018965, 483426, 18.882936, 13324, 18011.275300
16, 16, 13.321928, 4, 938534, 19.840049, 53392, 15.704336, 1471, 1514.651397
16, 16, 13.321928, 4, 1315999, 20.327727, 74662, 16.188087, 2063, 3395.988550
16, 16, 13.321928, 4, 696044, 19.408819, 39778, 15.279683, 1091, 669.419116
16, 16, 13.321928, 4, 204720, 17.643293, 11611, 13.503205, 320, 555.515019
16, 16, 13.321928, 4, 3999980, 21.931561, 227333, 17.794448, 6270, 5825.473112
16, 16, 13.321928, 4, 1784697, 20.767248, 101700, 16.633960, 2798, 4401.618303
16, 16, 13.321928, 4, 3686064, 21.813650, 210084, 17.680607, 5778, 7216.034968
16, 16, 13.321928, 4, 3410984, 21.701757, 195266, 17.575081, 5348, 4977.491476
16, 16, 13.321928, 4, 943526, 19.847703, 53997, 15.720592, 1479, 2062.711670
16, 16, 13.321928, 4, 2465570, 21.233490, 140639, 17.101637, 3865, 2057.227413
16, 16, 13.321928, 4, 1608228, 20.617041, 92210, 16.492636, 2521, 2106.533710
16, 16, 13.321928, 4, 3281461, 21.645907, 187210, 17.514298, 5144, 6799.313220
16, 16, 13.321928, 4, 2210933, 21.076224, 125806, 16.940841, 3466, 2971.042567
16, 16, 13.321928, 4, 2254948, 21.104663, 128840, 16.975221, 3534, 2593.727201
16, 16, 13.321928, 5, 1119079, 20.093880, 110487, 16.753517, 1774, 16636.874741
16, 16, 13.321928, 5, 370471, 18.499001, 36569, 15.158334, 586, 5531.524774
16, 16, 13.321928, 5, 480010, 18.872705, 47332, 15.530528, 760, 9505.067688
16, 16, 13.321928, 5, 733489, 19.484416, 71344, 16.122504, 1161, 6452.923387
16, 16, 13.321928, 5, 209760, 17.678380, 20701, 14.337413, 332, 1254.728237
16, 16, 13.321928, 5, 370379, 18.498643, 36362, 15.150144, 586, 8103.336702
16, 16, 13.321928, 5, 603315, 19.202552, 58544, 15.837234, 956, 1817.377326
16, 16, 13.321928, 5, 308414, 18.234509, 29581, 14.852383, 489, 1037.296120
16, 16, 13.321928, 5, 1167702, 20.155241, 115029, 16.811638, 1850, 5132.883273
16, 16, 13.321928, 5, 603217, 19.202318, 59671, 15.864742, 955, 2883.890467
16, 16, 13.321928, 5, 970852, 19.888892, 95864, 16.548702, 1538, 11759.086781
16, 16, 13.321928, 5, 1050389, 20.002492, 101784, 16.635151, 1663, 3724.056563
16, 16, 13.321928, 5, 910411, 19.796158, 90974, 16.473167, 1443, 5007.629707
16, 16, 13.321928, 5, 298398, 18.186878, 29484, 14.847645, 472, 836.255968
16, 16, 13.321928, 5, 1179920, 20.170258, 116255, 16.826933, 1870, 9865.872579
16, 16, 13.321928, 5, 412606, 18.654405, 40134, 15.292537, 654, 2547.808134
16, 16, 13.321928, 5, 1712958, 20.708058, 168430, 17.361790, 2715, 12670.714685
16, 16, 13.321928, 5, 1154662, 20.139039, 113332, 16.790196, 1828, 14112.727552
16, 16, 13.321928, 5, 98766, 16.591727, 9667, 13.238853, 156, 336.209379
16, 16, 13.321928, 5, 1383254, 20.399635, 135427, 17.047156, 2193, 10958.475082
16, 16, 14.321928, 0, 4115152, 21.972514, 38658, 15.238479, 3214, 223.371788
16, 16, 14.321928, 0, 34729536, 25.049660, 325147, 18.310733, 27132, 1427.025543
16, 16, 14.321928, 0, 7147167, 22.768940, 66848, 16.028597, 5583, 232.355944
16, 16, 14.321928, 0, 10266693, 23.291468, 96209, 16.553884, 8020, 424.132921
16, 16, 14.321928, 0, 43899744, 25.387709, 411301, 18.649835, 34296, 2928.927521
16, 16, 14.321928, 0, 8268311, 22.979161, 77665, 16.244977, 6459, 1029.898075
16, 16, 14.321928, 0, 4070533, 21.956786, 37979, 15.212914, 3180, 336.724179
16, 16, 14.321928, 0, 34145371, 25.025187, 319611, 18.285958, 26676, 1832.850747
16, 16, 14.321928, 0, 22841774, 24.445171, 213070, 17.700968, 17845, 1533.190532
16, 16, 14.321928, 0, 11498987, 23.455003, 107986, 16.720485, 8983, 922.697559
16, 16, 14.321928, 0, 10611709, 23.339154, 99104, 16.596656, 8290, 523.794567
16, 16, 14.321928, 0, 11306591, 23.430661, 105621, 16.688537, 8833, 718.614365
16, 16, 14.321928, 0, 6633749, 22.661393, 62164, 15.923792, 5182, 272.256694
16, 16, 14.321928, 0, 38864098, 25.211935, 363980, 18.473500, 30362, 2526.811311
16, 16, 14.321928, 0, 39378700, 25.230912, 368468, 18.491180, 30764, 1975.362810
16, 16, 14.321928, 0, 23131738, 24.463370, 216980, 17.727203, 18071, 1284.209653
16, 16, 14.321928, 0, 58779377, 25.808807, 550604, 19.070656, 45921, 3715.396454
16, 16, 14.321928, 0, 3586236, 21.774039, 33860, 15.047294, 2801, 362.677324
16, 16, 14.321928, 0, 1794236, 20.774938, 16651, 14.023321, 1401, 63.083833
16, 16, 14.321928, 0, 41506249, 25.306825, 388790, 18.568632, 32426, 1457.086998
16, 16, 14.321928, 0, 18091220, 24.108786, 169392, 17.370006, 14133, 1161.522867
16, 16, 14.321928, 0, 14948734, 23.833520, 139855, 17.093572, 11678, 1249.941976
16, 16, 14.321928, 0, 5199048, 22.309816, 48545, 15.567035, 4061, 247.705418
16, 16, 14.321928, 0, 9638099, 23.200317, 90611, 16.467399, 7529, 900.135146
16, 16, 14.321928, 0, 12909102, 23.621885, 120812, 16.882404, 10085, 904.855615
16, 16, 14.321928, 0, 23206020, 24.467996, 216862, 17.726418, 18129, 1254.651650
16, 16, 14.321928, 0, 9307072, 23.149896, 87044, 16.409457, 7271, 368.484339
16, 16, 14.321928, 0, 2548839, 21.281409, 23907, 14.545145, 1991, 192.598624
16, 16, 14.321928, 0, 51148624, 25.608192, 477199, 18.864231, 39959, 1773.799958
16, 16, 14.321928, 0, 31708674, 24.918374, 296010, 18.175286, 24772, 1622.365889
16, 16, 14.321928, 0, 9990655, 23.252148, 93202, 16.508073, 7805, 289.933852
16, 16, 14.321928, 0, 37156938, 25.147128, 347220, 18.405491, 29028, 1221.661337
16, 16, 14.321928, 1, 8731232, 23.057754, 165536, 17.336785, 6821, 1495.894138
16, 16, 14.321928, 1, 2778329, 21.405786, 52765, 15.687294, 2170, 302.510389
16, 16, 14.321928, 1, 14068951, 23.746011, 267251, 18.027836, 10991, 1588.669106
16, 16, 14.321928, 1, 7864144, 22.906858, 149870, 17.193352, 6143, 1726.881365
16, 16, 14.321928, 1, 2076392, 20.985647, 39240, 15.260037, 1622, 239.393979
16, 16, 14.321928, 1, 2675366, 21.351305, 51280, 15.646109, 2090, 300.099018
16, 16, 14.321928, 1, 2582598, 21.300392, 49176, 15.585667, 2017, 560.042169
16, 16, 14.321928, 1, 4642651, 22.146517, 88063, 16.426248, 3627, 825.367446
16, 16, 14.321928, 1, 7530441, 22.844303, 142542, 17.121028, 5883, 1698.912219
16, 16, 14.321928, 1, 6504273, 22.632956, 123254, 16.911275, 5081, 1381.294369
16, 16, 14.321928, 1, 1474120, 20.491423, 28064, 14.776433, 1151, 179.064008
16, 16, 14.321928, 1, 2876520, 21.455893, 54702, 15.739306, 2247, 660.000351
16, 16, 14.321928, 1, 26046436, 24.634583, 494353, 18.915182, 20348, 5147.925312
16, 16, 14.321928, 1, 13057584, 23.638385, 248253, 17.921452, 10201, 1537.819734
16, 16, 14.321928, 1, 1515456, 20.531321, 28805, 14.814032, 1183, 466.077519
16, 16, 14.321928, 1, 19082386, 24.185738, 363988, 18.473531, 14908, 4163.503852
16, 16, 14.321928, 1, 3972145, 21.921487, 75561, 16.205354, 3103, 437.915277
16, 16, 14.321928, 1, 7159657, 22.771459, 135718, 17.050253, 5593, 2045.442218
16, 16, 14.321928, 1, 1841291, 20.812286, 35133, 15.100539, 1438, 584.655851
16, 16, 14.321928, 1, 470049, 18.842452, 8975, 13.131696, 367, 46.129839
16, 16, 14.321928, 1, 2602840, 21.311655, 49254, 15.587953, 2033, 304.986152
16, 16, 14.321928, 1, 20272766, 24.273040, 384601, 18.553003, 15838, 3191.182019
16, 16, 14.321928, 1, 3218350, 21.617890, 61480, 15.907830, 2514, 639.596767
16, 16, 14.321928, 1, 22616891, 24.430897, 429178, 18.711217, 17669, 2343.037642
16, 16, 14.321928, 1, 15057395, 23.843969, 286571, 18.128533, 11763, 2482.722679
16, 16, 14.321928, 1, 951947, 19.860522, 18346, 14.163178, 743, 191.634252
16, 16, 14.321928, 1, 2321328, 21.146519, 44206, 15.431955, 1813, 276.124108
16, 16, 14.321928, 1, 4905888, 22.226083, 93078, 16.506153, 3832, 1559.980298
16, 16, 14.321928, 1, 727168, 19.471929, 13649, 13.736508, 568, 69.062445
16, 16, 14.321928, 1, 3538015, 21.754509, 67270, 16.037676, 2764, 438.062989
16, 16, 14.321928, 1, 7117990, 22.763038, 135108, 17.043754, 5560, 1576.669487
16, 16, 14.321928, 1, 5516454, 22.395310, 104157, 16.668400, 4309, 1089.061859
16, 16, 14.321928, 2, 726243, 19.470093, 24961, 14.607388, 567, 165.083505
16, 16, 14.321928, 2, 3619731, 21.787451, 124673, 16.927790, 2828, 1637.047626
16, 16, 14.321928, 2, 51273, 15.645912, 1770, 10.789534, 40, 12.067233
16, 16, 14.321928, 2, 513283, 18.969395, 17584, 14.101976, 401, 137.542995
16, 16, 14.321928, 2, 13187181, 23.652633, 454678, 18.794486, 10303, 3266.467428
16, 16, 14.321928, 2, 6998413, 22.738596, 241272, 17.880301, 5468, 2628.791384
16, 16, 14.321928, 2, 413176, 18.656397, 14353, 13.809065, 322, 217.481823
16, 16, 14.321928, 2, 84831, 16.372304, 3034, 11.567005, 66, 30.356007
16, 16, 14.321928, 2, 11707653, 23.480949, 403510, 18.622245, 9147, 4228.226740
16, 16, 14.321928, 2, 1373280, 20.389194, 47305, 15.529705, 1073, 484.623663
16, 16, 14.321928, 2, 3458493, 21.721712, 119528, 16.866989, 2702, 895.624925
16, 16, 14.321928, 2, 7427727, 22.824489, 256200, 17.966911, 5803, 2799.584723
16, 16, 14.321928, 2, 536996, 19.034552, 18658, 14.187507, 419, 145.194501
16, 16, 14.321928, 2, 845078, 19.688725, 29034, 14.825456, 660, 222.133298
16, 16, 14.321928, 2, 2536736, 21.274542, 87037, 16.409341, 1982, 593.379049
16, 16, 14.321928, 2, 1017461, 19.956542, 35387, 15.110932, 794, 302.405339
16, 16, 14.321928, 2, 3540882, 21.755677, 122815, 16.906127, 2766, 805.575093
16, 16, 14.321928, 2, 9403972, 23.164839, 325656, 18.312989, 7347, 2522.875145
16, 16, 14.321928, 2, 2840217, 21.437570, 98156, 16.582789, 2219, 972.420169
16, 16, 14.321928, 2, 5219864, 22.315581, 179933, 17.457100, 4078, 1231.708730
16, 16, 14.321928, 2, 533924, 19.026275, 18122, 14.145455, 417, 109.210857
16, 16, 14.321928, 2, 1850295, 20.819324, 64036, 15.966596, 1445, 482.327199
16, 16, 14.321928, 2, 910632, 19.796509, 31568, 14.946175, 711, 178.314143
16, 16, 14.321928, 2, 15457733, 23.881825, 533001, 19.023779, 12077, 3839.739743
16, 16, 14.321928, 2, 2273408, 21.116425, 78082, 16.252702, 1776, 732.328135
16, 16, 14.321928, 2, 5415973, 22.368789, 188062, 17.520849, 4231, 2070.151769
16, 16, 14.321928, 2, 3376620, 21.687148, 116562, 16.830738, 2638, 1312.413235
16, 16, 14.321928, 2, 3864966, 21.882024, 133117, 17.022335, 3019, 2321.140621
16, 16, 14.321928, 2, 1342051, 20.356008, 46641, 15.509311, 1048, 328.342674
16, 16, 14.321928, 2, 4707479, 22.166523, 162582, 17.310808, 3678, 2224.967598
16, 16, 14.321928, 2, 7504326, 22.839291, 259323, 17.984391, 5863, 1870.538110
16, 16, 14.321928, 2, 1978368, 20.915879, 68032, 16.053926, 1545, 627.304316
16, 16, 14.321928, 3, 1589785, 20.600400, 98224, 16.583788, 1242, 1466.867329
16, 16, 14.321928, 3, 1891740, 20.851282, 117513, 16.842461, 1479, 1727.064147
16, 16, 14.321928, 3, 428132, 18.707696, 26233, 14.679095, 334, 401.062195
16, 16, 14.321928, 3, 31148, 14.926852, 1907, 10.897089, 24, 35.575403
16, 16, 14.321928, 3, 7638636, 22.864884, 474095, 18.854817, 5972, 4143.813006
16, 16, 14.321928, 3, 216660, 17.725073, 13253, 13.694031, 169, 90.726156
16, 16, 14.321928, 3, 948385, 19.855113, 58573, 15.837948, 741, 1024.117725
16, 16, 14.321928, 3, 6268471, 22.579682, 389233, 18.570275, 4901, 3670.858587
16, 16, 14.321928, 3, 4334406, 22.047403, 267867, 18.031157, 3388, 3389.928994
16, 16, 14.321928, 3, 3042871, 21.537002, 188137, 17.521424, 2379, 5225.443375
16, 16, 14.321928, 3, 2544493, 21.278947, 157250, 17.262700, 1989, 1887.559688
16, 16, 14.321928, 3, 1076684, 20.038163, 66050, 16.011271, 841, 743.530796
16, 16, 14.321928, 3, 2034663, 20.956358, 126529, 16.949109, 1590, 1883.809731
16, 16, 14.321928, 3, 1498134, 20.514735, 92433, 16.496120, 1171, 841.244305
16, 16, 14.321928, 3, 6562498, 22.645814, 407891, 18.637824, 5130, 3328.381155
16, 16, 14.321928, 3, 4500953, 22.101799, 278170, 18.085607, 3519, 3192.938437
16, 16, 14.321928, 3, 392258, 18.581443, 24506, 14.580847, 306, 390.813842
16, 16, 14.321928, 3, 148979, 17.184749, 9126, 13.155767, 116, 136.455580
16, 16, 14.321928, 3, 3077551, 21.553351, 190423, 17.538848, 2406, 1477.331175
16, 16, 14.321928, 3, 1530653, 20.545716, 95017, 16.535898, 1196, 821.460429
16, 16, 14.321928, 3, 4766726, 22.184567, 295897, 18.174736, 3726, 2330.133286
16, 16, 14.321928, 3, 3227213, 21.621857, 199936, 17.609179, 2523, 1973.050171
16, 16, 14.321928, 3, 4233042, 22.013263, 262658, 18.002826, 3309, 2600.197646
16, 16, 14.321928, 3, 4700301, 22.164322, 289652, 18.143961, 3674, 2745.815331
16, 16, 14.321928, 3, 1202897, 20.198082, 74828, 16.191291, 940, 672.948310
16, 16, 14.321928, 3, 2022254, 20.947533, 125014, 16.931730, 1581, 1056.832002
16, 16, 14.321928, 3, 749437, 19.515448, 46832, 15.515207, 585, 691.115276
16, 16, 14.321928, 3, 239795, 17.871442, 14618, 13.835458, 187, 231.370663
16, 16, 14.321928, 3, 7514934, 22.841329, 465812, 18.829388, 5875, 8898.998376
16, 16, 14.321928, 3, 6074893, 22.534428, 377187, 18.524920, 4749, 5062.002152
16, 16, 14.321928, 3, 4637821, 22.145016, 287174, 18.131566, 3626, 4179.066508
16, 16, 14.321928, 3, 1923446, 20.875262, 118806, 16.858248, 1503, 1247.653003
16, 16, 14.321928, 4, 801139, 19.611693, 83087, 16.342335, 628, 1419.562245
16, 16, 14.321928, 4, 2365871, 21.173940, 247861, 17.919172, 1855, 3497.384930
16, 16, 14.321928, 4, 357958, 18.449431, 37945, 15.211622, 280, 565.339444
16, 16, 14.321928, 4, 2064383, 20.977279, 215752, 17.719014, 1618, 5039.463915
16, 16, 14.321928, 4, 7418430, 22.822682, 772788, 19.559713, 5815, 7272.175491
16, 16, 14.321928, 4, 152631, 17.219688, 15940, 13.960364, 119, 248.214664
16, 16, 14.321928, 4, 328517, 18.325609, 34233, 15.063100, 257, 304.666352
16, 16, 14.321928, 4, 2528231, 21.269697, 264226, 18.011413, 1982, 6516.091863
16, 16, 14.321928, 4, 375353, 18.517888, 39089, 15.254475, 294, 591.046541
16, 16, 14.321928, 4, 3765216, 21.844301, 393046, 18.584339, 2951, 11201.873331
16, 16, 14.321928, 4, 2057572, 20.972511, 215049, 17.714306, 1613, 2005.932838
16, 16, 14.321928, 4, 5656586, 22.431500, 589526, 19.169196, 4435, 6895.397492
16, 16, 14.321928, 4, 148096, 17.176173, 15811, 13.948641, 116, 268.475884
16, 16, 14.321928, 4, 7110071, 22.761433, 745719, 19.508273, 5575, 19759.777106
16, 16, 14.321928, 4, 1354802, 20.369651, 141659, 17.112063, 1062, 2352.953332
16, 16, 14.321928, 4, 3952708, 21.914410, 412658, 18.654587, 3099, 15133.067154
16, 16, 14.321928, 4, 2789172, 21.411405, 293632, 18.163650, 2186, 4940.469909
16, 16, 14.321928, 4, 1635388, 20.641202, 171318, 17.386317, 1282, 1567.534235
16, 16, 14.321928, 4, 1943885, 20.890511, 202853, 17.630075, 1523, 3030.712062
16, 16, 14.321928, 4, 766357, 19.547657, 79151, 16.272320, 600, 1880.096706
16, 16, 14.321928, 4, 2347641, 21.162780, 246237, 17.909688, 1840, 6147.382210
16, 16, 14.321928, 4, 75968, 16.213104, 8015, 12.968487, 59, 232.339262
16, 16, 14.321928, 4, 4834845, 22.205038, 504669, 18.944978, 3790, 12120.625638
16, 16, 14.321928, 4, 815904, 19.638040, 85296, 16.380190, 639, 2627.819945
16, 16, 14.321928, 4, 3272844, 21.642113, 342220, 18.384565, 2565, 9340.641032
16, 16, 14.321928, 4, 47567, 15.537673, 5079, 12.310329, 37, 96.652467
16, 16, 14.321928, 4, 309810, 18.241024, 32734, 14.998502, 242, 758.371897
16, 16, 14.321928, 4, 1321679, 20.333940, 138360, 17.078067, 1036, 2697.423194
16, 16, 14.321928, 4, 2134931, 21.025758, 222761, 17.765137, 1673, 7458.338468
16, 16, 14.321928, 4, 2904203, 21.469711, 304942, 18.218175, 2276, 7744.462246
16, 16, 14.321928, 4, 2121673, 21.016771, 221615, 17.757696, 1663, 9855.386249
16, 16, 14.321928, 4, 30522, 14.897562, 3237, 11.660442, 23, 87.495818
16, 16, 14.321928, 5, 924779, 19.818749, 157556, 17.265505, 733, 10536.820569
16, 16, 14.321928, 5, 1501507, 20.517980, 257585, 17.974689, 1190, 6041.550704
16, 16, 14.321928, 5, 2259844, 21.107792, 385270, 18.555510, 1791, 8567.359287
16, 16, 14.321928, 5, 236325, 17.850413, 41299, 15.333819, 187, 2090.439805
16, 16, 14.321928, 5, 461136, 18.814833, 78627, 16.262737, 364, 3645.629054
16, 16, 14.321928, 5, 1580935, 20.592347, 269218, 18.038415, 1252, 9284.739596
16, 16, 14.321928, 5, 41010, 15.323688, 6873, 12.746724, 32, 803.355453
16, 16, 14.321928, 5, 501665, 18.936365, 85489, 16.383451, 397, 3391.252343
16, 16, 14.321928, 5, 208945, 17.672764, 35837, 15.129162, 164, 861.887552
16, 16, 14.321928, 5, 168198, 17.359801, 28262, 14.786576, 133, 1079.540560
16, 16, 14.321928, 5, 641417, 19.290903, 111412, 16.765545, 507, 3562.703668
16, 16, 14.321928, 5, 206859, 17.658288, 35029, 15.096262, 163, 1359.900857
16, 16, 14.321928, 5, 249072, 17.926203, 42490, 15.374836, 197, 3590.776841
16, 16, 14.321928, 5, 113732, 16.795279, 18590, 14.182239, 89, 416.176087
16, 16, 14.321928, 5, 174498, 17.412851, 30516, 14.897278, 138, 1242.507561
16, 16, 14.321928, 5, 1099591, 20.068536, 187285, 17.514876, 870, 8374.139294
16, 16, 14.321928, 5, 1550598, 20.564393, 264483, 18.012815, 1228, 12034.643724
16, 16, 14.321928, 5, 607943, 19.213577, 104365, 16.671278, 481, 2573.414549
16, 16, 14.321928, 5, 34394, 15.069869, 5751, 12.489597, 27, 301.363051
16, 16, 14.321928, 5, 343605, 18.390392, 59276, 15.855160, 272, 1726.954335
16, 16, 14.321928, 5, 1127706, 20.104960, 192169, 17.552016, 893, 4450.178976
16, 16, 15.321928, 0, 3268259, 21.640091, 61051, 15.897727, 1276, 144.611505
16, 16, 15.321928, 0, 198306, 17.597369, 3691, 11.849796, 77, 24.719898
16, 16, 15.321928, 0, 11099756, 23.404025, 206244, 17.653993, 4335, 653.001933
16, 16, 15.321928, 0, 10789969, 23.363187, 201443, 17.620012, 4214, 662.680910
16, 16, 15.321928, 0, 20097981, 24.260547, 374988, 18.516485, 7850, 1722.553544
16, 16, 15.321928, 0, 12375254, 23.560955, 230024, 17.811425, 4834, 790.040840
16, 16, 15.321928, 0, 14776257, 23.816778, 275154, 18.069880, 5771, 628.419238
16, 16, 15.321928, 0, 2417176, 21.204891, 44703, 15.448084, 944, 173.099647
16, 16, 15.321928, 0, 7144694, 22.768441, 132999, 17.021056, 2790, 289.277673
16, 16, 15.321928, 0, 14813897, 23.820448, 275205, 18.070147, 5786, 643.173260
16, 16, 15.321928, 0, 11046873, 23.397135, 205743, 17.650484, 4315, 1078.285506
16, 16, 15.321928, 0, 1600246, 20.609862, 29327, 14.839942, 625, 137.049772
16, 16, 15.321928, 0, 14880409, 23.826911, 277052, 18.079797, 5812, 889.505795
16, 16, 15.321928, 0, 17169372, 24.033334, 318692, 18.281803, 6706, 1286.486699
16, 16, 15.321928, 0, 5878487, 22.487013, 109278, 16.737643, 2296, 483.893708
16, 16, 15.321928, 0, 533408, 19.024880, 10054, 13.295482, 208, 42.630359
16, 16, 15.321928, 0, 36235633, 25.110906, 676444, 19.367611, 14154, 1333.495859
16, 16, 15.321928, 0, 10950365, 23.384476, 203599, 17.635371, 4277, 705.772976
16, 16, 15.321928, 0, 4658981, 22.151583, 86725, 16.404160, 1819, 289.233378
16, 16, 15.321928, 0, 13617628, 23.698972, 253537, 17.951837, 5319, 1326.038680
16, 16, 15.321928, 0, 18502956, 24.141252, 345023, 18.396333, 7227, 719.112279
16, 16, 15.321928, 0, 10465208, 23.319098, 195159, 17.574290, 4087, 407.287100
16, 16, 15.321928, 0, 1233162, 20.233931, 23088, 14.494856, 481, 83.927594
16, 16, 15.321928, 0, 6851665, 22.708023, 127244, 16.957238, 2676, 459.073132
16, 16, 15.321928, 0, 11066645, 23.399715, 205770, 17.650673, 4322, 435.915749
16, 16, 15.321928, 0, 12510538, 23.576640, 233272, 17.831654, 4886, 724.704555
16, 16, 15.321928, 0, 9412561, 23.166156, 175310, 17.419549, 3676, 445.813791
16, 16, 15.321928, 0, 684593, 19.384887, 12583, 13.619188, 267, 64.299279
16, 16, 15.321928, 0, 6714789, 22.678911, 125043, 16.932065, 2622, 311.197195
16, 16, 15.321928, 0, 16767256, 23.999143, 312292, 18.252536, 6549, 921.283325
16, 16, 15.321928, 0, 11364016, 23.437969, 211980, 17.693569, 4439, 506.380917
16, 16, 15.321928, 0, 7002873, 22.739515, 130444, 16.993071, 2735, 218.261599
16, 16, 15.321928, 1, 2971841, 21.502925, 110965, 16.759745, 1160, 295.931870
16, 16, 15.321928, 1, 6831844, 22.703844, 254105, 17.955065, 2668, 1900.836578
16, 16, 15.321928, 1, 4211606, 22.005939, 156436, 17.255213, 1645, 568.574485
16, 16, 15.321928, 1, 1468425, 20.485838, 54785, 15.741493, 573, 173.908245
16, 16, 15.321928, 1, 2006812, 20.936474, 75405, 16.202373, 783, 262.535921
16, 16, 15.321928, 1, 3578869, 21.771072, 132951, 17.020535, 1398, 602.990398
16, 16, 15.321928, 1, 3684479, 21.813029, 136931, 17.063090, 1439, 655.224315
16, 16, 15.321928, 1, 4187237, 21.997567, 155370, 17.245348, 1635, 757.132559
16, 16, 15.321928, 1, 9536166, 23.184978, 355028, 18.437573, 3725, 1673.162575
16, 16, 15.321928, 1, 62100, 15.922306, 2442, 11.253847, 24, 18.346625
16, 16, 15.321928, 1, 8750872, 23.060995, 325822, 18.313724, 3418, 2575.009278
16, 16, 15.321928, 1, 4196958, 22.000913, 157377, 17.263865, 1639, 579.434795
16, 16, 15.321928, 1, 628426, 19.261383, 23428, 14.515946, 245, 98.142716
16, 16, 15.321928, 1, 12565406, 23.582954, 467799, 18.835529, 4908, 2650.183352
16, 16, 15.321928, 1, 5318744, 22.342654, 197904, 17.594441, 2077, 967.896966
16, 16, 15.321928, 1, 3887945, 21.890576, 144874, 17.144439, 1518, 735.223266
16, 16, 15.321928, 1, 15317753, 23.868701, 570431, 19.121693, 5983, 2743.829351
16, 16, 15.321928, 1, 7075286, 22.754357, 263307, 18.006386, 2763, 900.339459
16, 16, 15.321928, 1, 5394933, 22.363174, 201775, 17.622388, 2107, 1468.395447
16, 16, 15.321928, 1, 4034841, 21.944080, 150009, 17.194690, 1576, 635.120660
16, 16, 15.321928, 1, 11350208, 23.436215, 421533, 18.685286, 4433, 1934.405905
16, 16, 15.321928, 1, 3437552, 21.712950, 128464, 16.971005, 1342, 650.567984
16, 16, 15.321928, 1, 560865, 19.097294, 21222, 14.373273, 219, 42.777412
16, 16, 15.321928, 1, 4592296, 22.130784, 171475, 17.387639, 1793, 1131.562238
16, 16, 15.321928, 1, 9146033, 23.124715, 341249, 18.380465, 3572, 2102.251357
16, 16, 15.321928, 1, 32065, 14.968712, 1220, 10.252665, 12, 14.348130
16, 16, 15.321928, 1, 3465070, 21.724453, 128691, 16.973552, 1353, 962.207625
16, 16, 15.321928, 1, 2020736, 20.946449, 75193, 16.198311, 789, 298.030832
16, 16, 15.321928, 1, 5661783, 22.432825, 210326, 17.682268, 2211, 664.266106
16, 16, 15.321928, 1, 720755, 19.459149, 26821, 14.711075, 281, 178.118816
16, 16, 15.321928, 1, 416299, 18.667261, 15693, 13.937834, 162, 92.240570
16, 16, 15.321928, 1, 13958530, 23.734644, 519363, 18.986384, 5452, 3148.218043
16, 16, 15.321928, 2, 2479790, 21.241787, 164472, 17.327482, 968, 1000.787739
16, 16, 15.321928, 2, 3633693, 21.793005, 239118, 17.867363, 1419, 2174.341305
16, 16, 15.321928, 2, 2493465, 21.249721, 164806, 17.330409, 974, 1626.655694
16, 16, 15.321928, 2, 1233709, 20.234571, 81840, 16.320519, 481, 387.451866
16, 16, 15.321928, 2, 3006426, 21.519618, 198657, 17.599920, 1174, 682.738568
16, 16, 15.321928, 2, 1721098, 20.714898, 113821, 16.796407, 672, 777.832932
16, 16, 15.321928, 2, 3289960, 21.649639, 217294, 17.729289, 1285, 768.849441
16, 16, 15.321928, 2, 4227305, 22.011307, 279302, 18.091466, 1651, 1679.809767
16, 16, 15.321928, 2, 1514274, 20.530195, 99633, 16.604336, 591, 773.682302
16, 16, 15.321928, 2, 891119, 19.765259, 59200, 15.853310, 348, 447.724227
16, 16, 15.321928, 2, 615253, 19.230820, 40348, 15.300210, 240, 301.463307
16, 16, 15.321928, 2, 384244, 18.551663, 25199, 14.621079, 150, 202.359332
16, 16, 15.321928, 2, 1977057, 20.914923, 130277, 16.991223, 772, 780.514969
16, 16, 15.321928, 2, 574139, 19.131041, 38193, 15.221021, 224, 254.627079
16, 16, 15.321928, 2, 3965039, 21.918904, 260803, 17.992601, 1549, 1201.762724
16, 16, 15.321928, 2, 297466, 18.182365, 19490, 14.250446, 116, 178.717350
16, 16, 15.321928, 2, 1773401, 20.758087, 117239, 16.839093, 692, 1170.402203
16, 16, 15.321928, 2, 749012, 19.514629, 49111, 15.583759, 292, 435.771082
16, 16, 15.321928, 2, 3497600, 21.737934, 231331, 17.819599, 1366, 1387.888571
16, 16, 15.321928, 2, 3224130, 21.620478, 213642, 17.704836, 1259, 932.417441
16, 16, 15.321928, 2, 68481, 16.063416, 4676, 12.191059, 26, 35.991450
16, 16, 15.321928, 2, 1171559, 20.159998, 77107, 16.234574, 457, 434.795284
16, 16, 15.321928, 2, 1655633, 20.658951, 108892, 16.732538, 646, 666.740838
16, 16, 15.321928, 2, 1673455, 20.674398, 110136, 16.748927, 653, 472.756086
16, 16, 15.321928, 2, 8210191, 22.968984, 541871, 19.047590, 3207, 3286.407716
16, 16, 15.321928, 2, 1085056, 20.049338, 71539, 16.126442, 423, 606.158268
16, 16, 15.321928, 2, 5381085, 22.359466, 354768, 18.436516, 2102, 2038.112312
16, 16, 15.321928, 2, 1611106, 20.619620, 106497, 16.700453, 629, 680.329303
16, 16, 15.321928, 2, 7696182, 22.875711, 509189, 18.957842, 3006, 3806.605563
16, 16, 15.321928, 2, 1563420, 20.576274, 103172, 16.654692, 610, 1589.607658
16, 16, 15.321928, 2, 910864, 19.796876, 59996, 15.872579, 355, 547.871583
16, 16, 15.321928, 2, 305720, 18.221851, 20246, 14.305349, 119, 133.530008
16, 16, 15.321928, 3, 709691, 19.436831, 80217, 16.291620, 277, 605.123105
16, 16, 15.321928, 3, 585157, 19.158464, 66577, 16.022736, 228, 524.168981
16, 16, 15.321928, 3, 1718074, 20.712361, 194891, 17.572308, 671, 2946.112183
16, 16, 15.321928, 3, 1942363, 20.889381, 220160, 17.748193, 759, 2241.557232
16, 16, 15.321928, 3, 552783, 19.076354, 62453, 15.930483, 216, 487.269435
16, 16, 15.321928, 3, 484157, 18.885115, 54876, 15.743888, 189, 404.249633
16, 16, 15.321928, 3, 605568, 19.207929, 68176, 16.056976, 236, 276.379567
16, 16, 15.321928, 3, 2609615, 21.315406, 296041, 18.175437, 1020, 1477.030566
16, 16, 15.321928, 3, 2725900, 21.378301, 309322, 18.238750, 1065, 2384.366048
16, 16, 15.321928, 3, 905032, 19.787609, 102278, 16.642136, 353, 673.476915
16, 16, 15.321928, 3, 119202, 16.863049, 13526, 13.723448, 46, 105.335352
16, 16, 15.321928, 3, 2796415, 21.415147, 318116, 18.279193, 1093, 2710.348538
16, 16, 15.321928, 3, 1907425, 20.863195, 216255, 17.722374, 745, 1154.055079
16, 16, 15.321928, 3, 1313015, 20.324452, 148642, 17.181482, 513, 1068.461356
16, 16, 15.321928, 3, 147190, 17.167320, 16907, 14.045333, 57, 58.237347
16, 16, 15.321928, 3, 1753807, 20.742059, 198398, 17.598038, 685, 1034.142126
16, 16, 15.321928, 3, 154326, 17.235622, 17561, 14.100087, 60, 62.618234
16, 16, 15.321928, 3, 1683958, 20.683425, 191366, 17.545975, 658, 1565.077883
16, 16, 15.321928, 3, 1067486, 20.025786, 121600, 16.891784, 417, 2088.083107
16, 16, 15.321928, 3, 335985, 18.358037, 38166, 15.220000, 131, 171.531320
16, 16, 15.321928, 3, 561570, 19.099106, 63326, 15.950510, 219, 422.778708
16, 16, 15.321928, 3, 2063264, 20.976497, 236274, 17.850101, 806, 1179.439929
16, 16, 15.321928, 3, 3198476, 21.608953, 363212, 18.470452, 1250, 1719.331642
16, 16, 15.321928, 3, 253811, 17.953395, 28550, 14.801203, 99, 320.883122
16, 16, 15.321928, 3, 3981381, 21.924838, 450734, 18.781917, 1556, 4679.669020
16, 16, 15.321928, 3, 1554787, 20.568286, 175691, 17.422681, 607, 1111.179092
16, 16, 15.321928, 3, 518063, 18.982768, 59249, 15.854503, 202, 360.762285
16, 16, 15.321928, 3, 1488291, 20.505225, 169237, 17.368685, 581, 765.244348
16, 16, 15.321928, 3, 2273784, 21.116664, 257100, 17.971970, 888, 2558.984280
16, 16, 15.321928, 3, 1571300, 20.583527, 178267, 17.443680, 614, 1255.855643
16, 16, 15.321928, 3, 3024176, 21.528111, 342153, 18.384282, 1182, 2964.955555
16, 16, 15.321928, 3, 1786290, 20.768535, 201910, 17.623353, 698, 1622.356095
16, 16, 15.321928, 4, 2543021, 21.278112, 461215, 18.815080, 996, 5092.997202
16, 16, 15.321928, 4, 829088, 19.661166, 150043, 17.195016, 324, 2487.153685
16, 16, 15.321928, 4, 2608956, 21.315041, 471929, 18.848210, 1022, 11198.896186
16, 16, 15.321928, 4, 2341262, 21.158855, 421645, 18.685669, 918, 6796.449340
16, 16, 15.321928, 4, 1559150, 20.572328, 282007, 18.105371, 611, 3865.535092
16, 16, 15.321928, 4, 1389366, 20.405995, 250885, 17.936667, 544, 24428.256792
16, 16, 15.321928, 4, 356470, 18.443421, 64319, 15.972957, 139, 543.260147
16, 16, 15.321928, 4, 243032, 17.890787, 43557, 15.410617, 95, 1364.741135
16, 16, 15.321928, 4, 939128, 19.840962, 169540, 17.371266, 368, 2322.136035
16, 16, 15.321928, 4, 73821, 16.171744, 13041, 13.670767, 28, 61.962054
16, 16, 15.321928, 4, 199441, 17.605602, 36598, 15.159477, 78, 803.100050
16, 16, 15.321928, 4, 3232075, 21.624029, 585409, 19.159085, 1266, 6493.895140
16, 16, 15.321928, 4, 761239, 19.537990, 138255, 17.076972, 298, 870.959484
16, 16, 15.321928, 4, 698421, 19.413737, 126275, 16.946210, 273, 1627.609309
16, 16, 15.321928, 4, 1879440, 20.841871, 340409, 18.376910, 736, 5092.660715
16, 16, 15.321928, 4, 1159509, 20.145083, 207801, 17.664843, 454, 1939.865605
16, 16, 15.321928, 4, 155118, 17.243007, 27679, 14.756504, 60, 182.556701
16, 16, 15.321928, 4, 1205454, 20.201145, 217902, 17.733320, 472, 3677.965387
16, 16, 15.321928, 4, 352488, 18.427215, 64426, 15.975355, 138, 472.563408
16, 16, 15.321928, 4, 349262, 18.413950, 62744, 15.937190, 136, 765.433137
16, 16, 15.321928, 4, 462169, 18.818061, 84950, 16.374326, 181, 1501.779644
16, 16, 15.321928, 4, 1582020, 20.593336, 285740, 18.124343, 620, 3751.874015
16, 16, 15.321928, 4, 492011, 18.908331, 88855, 16.439165, 192, 770.605445
16, 16, 15.321928, 4, 400660, 18.612019, 71536, 16.126382, 157, 291.575649
16, 16, 15.321928, 4, 543097, 19.050850, 98651, 16.590046, 212, 412.091133
16, 16, 15.321928, 4, 829188, 19.661340, 148177, 17.176962, 325, 1143.361206
16, 16, 15.321928, 4, 749719, 19.515990, 137701, 17.071180, 293, 863.178547
16, 16, 15.321928, 4, 1286246, 20.294735, 232444, 17.826524, 504, 3052.294537
16, 16, 15.321928, 4, 1721580, 20.715302, 313091, 18.256223, 674, 5242.894907
16, 16, 15.321928, 4, 763868, 19.542964, 138639, 17.080974, 299, 1592.384788
16, 16, 15.321928, 4, 761796, 19.539045, 138133, 17.075698, 298, 1239.555545
16, 16, 15.321928, 4, 696390, 19.409536, 125195, 16.933817, 273, 2261.650051
16, 16, 15.321928, 5, 211642, 17.691266, 59166, 15.852481, 83, 3815.472298
16, 16, 15.321928, 5, 15041, 13.876613, 5003, 12.288578, 5, 108.298570
16, 16, 15.321928, 5, 843474, 19.685984, 233863, 17.835304, 335, 4457.840520
16, 16, 15.321928, 5, 60776, 15.891214, 16835, 14.039176, 24, 1556.220603
16, 16, 15.321928, 5, 651673, 19.313789, 180322, 17.460216, 257, 6434.616191
16, 16, 15.321928, 5, 129943, 16.987519, 36085, 15.139112, 51, 2220.937569
16, 16, 15.321928, 5, 907, 9.824959, 274, 8.098032, 0, 110.751320
16, 16, 15.321928, 5, 30120, 14.878434, 7142, 12.802112, 11, 325.774824
16, 16, 15.321928, 5, 232923, 17.829494, 62738, 15.937052, 92, 2752.991743
16, 16, 15.321928, 5, 693060, 19.402621, 192837, 17.557022, 274, 5294.359223
16, 16, 15.321928, 5, 639237, 19.285991, 176016, 17.425347, 253, 9150.005592
16, 16, 15.321928, 5, 158897, 17.277732, 43729, 15.416303, 63, 7684.118858
16, 16, 15.321928, 5, 155191, 17.243685, 41887, 15.354215, 61, 961.925631
16, 16, 15.321928, 5, 873152, 19.735873, 239868, 17.871881, 347, 6132.918455
16, 16, 15.321928, 5, 453217, 18.789842, 126100, 16.944209, 179, 2682.617373
16, 16, 15.321928, 5, 150940, 17.203616, 40963, 15.322034, 60, 503.998375
16, 16, 15.321928, 5, 390727, 18.575801, 110635, 16.755448, 154, 3336.734769
16, 16, 15.321928, 5, 608747, 19.215483, 169290, 17.369137, 240, 3384.431036
16, 16, 15.321928, 5, 654801, 19.320697, 179070, 17.450164, 259, 3164.734746
16, 16, 15.321928, 5, 856145, 19.707496, 232365, 17.826033, 339, 7781.690766
16, 16, 16.321928, 0, 7128755, 22.765219, 263601, 18.007996, 1392, 335.017461
16, 16, 16.321928, 0, 1036932, 19.983890, 38377, 15.227954, 202, 72.651223
16, 16, 16.321928, 0, 20877979, 24.315479, 770127, 19.554737, 4077, 1029.713695
16, 16, 16.321928, 0, 126000, 16.943064, 4552, 12.152285, 24, 8.716792
16, 16, 16.321928, 0, 4825729, 22.202315, 178140, 17.442652, 942, 164.815131
16, 16, 16.321928, 0, 3550628, 21.759643, 131334, 17.002881, 693, 214.240452
16, 16, 16.321928, 0, 1349988, 20.364515, 49729, 15.601800, 263, 73.087571
16, 16, 16.321928, 0, 2627235, 21.325114, 96501, 16.558256, 513, 137.147622
16, 16, 16.321928, 0, 1573579, 20.585618, 58380, 15.833187, 307, 51.302776
16, 16, 16.321928, 0, 6059311, 22.530722, 223054, 17.767033, 1183, 338.598570
16, 16, 16.321928, 0, 2881351, 21.458314, 106382, 16.698895, 562, 110.652945
16, 16, 16.321928, 0, 5707481, 22.444423, 211027, 17.687068, 1114, 206.522694
16, 16, 16.321928, 0, 5220083, 22.315641, 192731, 17.556229, 1019, 277.361204
16, 16, 16.321928, 0, 2948304, 21.491454, 108782, 16.731080, 575, 84.873546
16, 16, 16.321928, 0, 7078953, 22.755105, 260622, 17.991599, 1382, 238.651507
16, 16, 16.321928, 0, 12149088, 23.534345, 448474, 18.774665, 2372, 801.134965
16, 16, 16.321928, 0, 2422613, 21.208133, 89688, 16.452627, 473, 121.441644
16, 16, 16.321928, 0, 40029, 15.288758, 1438, 10.489848, 7, 12.390424
16, 16, 16.321928, 0, 6086355, 22.537147, 223896, 17.772469, 1188, 431.494592
16, 16, 16.321928, 0, 4496313, 22.100311, 165503, 17.336498, 878, 205.239701
16, 16, 16.321928, 0, 11584446, 23.465686, 426665, 18.702744, 2262, 854.642850
16, 16, 16.321928, 0, 1740046, 20.730694, 64087, 15.967744, 339, 74.610258
16, 16, 16.321928, 0, 5986401, 22.513257, 220013, 17.747229, 1169, 267.408539
16, 16, 16.321928, 0, 10602512, 23.337903, 391200, 18.577547, 2070, 606.008391
16, 16, 16.321928, 0, 16023041, 23.933645, 591950, 19.175116, 3129, 950.830040
16, 16, 16.321928, 0, 3684591, 21.813073, 135030, 17.042920, 719, 150.768887
16, 16, 16.321928, 0, 2535600, 21.273896, 93545, 16.513373, 495, 105.391505
16, 16, 16.321928, 0, 6566638, 22.646723, 242311, 17.886500, 1282, 339.421517
16, 16, 16.321928, 0, 4551188, 22.117812, 167392, 17.352871, 888, 203.518542
16, 16, 16.321928, 0, 5500897, 22.391235, 202579, 17.628125, 1074, 401.473697
16, 16, 16.321928, 0, 36802, 15.167497, 1311, 10.356452, 7, 18.201756
16, 16, 16.321928, 0, 11523564, 23.458084, 424609, 18.695775, 2250, 415.353471
16, 16, 16.321928, 1, 8522, 13.056976, 674, 9.396605, 1, 7.658749
16, 16, 16.321928, 1, 3545116, 21.757401, 253002, 17.948789, 692, 569.782532
16, 16, 16.321928, 1, 3198506, 21.608967, 229839, 17.810264, 624, 836.714843
16, 16, 16.321928, 1, 3306210, 21.656747, 237275, 17.856201, 645, 411.065046
16, 16, 16.321928, 1, 219072, 17.741046, 15700, 13.938477, 42, 39.090789
16, 16, 16.321928, 1, 2079841, 20.988042, 148947, 17.184440, 406, 225.881703
16, 16, 16.321928, 1, 752270, 19.520891, 53981, 15.720164, 146, 219.594428
16, 16, 16.321928, 1, 2654057, 21.339768, 190714, 17.541051, 518, 344.950299
16, 16, 16.321928, 1, 197893, 17.594361, 14089, 13.782282, 38, 31.024891
16, 16, 16.321928, 1, 536964, 19.034466, 38609, 15.236650, 104, 96.303239
16, 16, 16.321928, 1, 533945, 19.026332, 38212, 15.221738, 104, 77.252597
16, 16, 16.321928, 1, 2474373, 21.238632, 176649, 17.430526, 483, 274.111430
16, 16, 16.321928, 1, 12917890, 23.622867, 925530, 19.819920, 2523, 2924.929909
16, 16, 16.321928, 1, 1929386, 20.879710, 138112, 17.075479, 376, 384.545201
16, 16, 16.321928, 1, 19817, 14.274451, 1398, 10.449149, 3, 29.486557
16, 16, 16.321928, 1, 1292259, 20.301464, 92609, 16.498865, 252, 302.322864
16, 16, 16.321928, 1, 545520, 19.057273, 38724, 15.240940, 106, 65.788408
16, 16, 16.321928, 1, 270411, 18.044794, 19127, 14.223323, 52, 36.098257
16, 16, 16.321928, 1, 718097, 19.453819, 51493, 15.652089, 140, 145.759419
16, 16, 16.321928, 1, 37816, 15.206709, 2749, 11.424691, 7, 10.938804
16, 16, 16.321928, 1, 276262, 18.075678, 19604, 14.258860, 53, 60.878124
16, 16, 16.321928, 1, 1598402, 20.608199, 114540, 16.805492, 312, 411.630539
16, 16, 16.321928, 1, 4683012, 22.159005, 334471, 18.351522, 914, 566.023816
16, 16, 16.321928, 1, 1248530, 20.251799, 89181, 16.444449, 243, 241.583700
16, 16, 16.321928, 1, 6547742, 22.642566, 468870, 18.838828, 1278, 1484.617579
16, 16, 16.321928, 1, 513181, 18.969108, 36779, 15.166595, 100, 109.726870
16, 16, 16.321928, 1, 13433489, 23.679331, 962641, 19.876638, 2623, 2296.699178
16, 16, 16.321928, 1, 553906, 19.079282, 39473, 15.268579, 108, 86.799069
16, 16, 16.321928, 1, 3704846, 21.820982, 264975, 18.015497, 723, 695.770522
16, 16, 16.321928, 1, 3191627, 21.605861, 228451, 17.801525, 623, 387.407805
16, 16, 16.321928, 1, 2645571, 21.335148, 188747, 17.526094, 516, 874.783355
16, 16, 16.321928, 1, 260703, 17.992048, 18780, 14.196909, 50, 91.878225
16, 16, 16.321928, 2, 113605, 16.793667, 13755, 13.747669, 22, 52.502622
16, 16, 16.321928, 2, 2307289, 21.137767, 280038, 18.095263, 450, 887.204360
16, 16, 16.321928, 2, 54751, 15.740598, 6517, 12.669992, 10, 41.029611
16, 16, 16.321928, 2, 825737, 19.655323, 100535, 16.617338, 161, 219.102526
16, 16, 16.321928, 2, 2369682, 21.176262, 287870, 18.135058, 462, 1251.199202
16, 16, 16.321928, 2, 371121, 18.501530, 45460, 15.472310, 72, 192.537479
16, 16, 16.321928, 2, 1068969, 20.027789, 129502, 16.982615, 208, 323.119285
16, 16, 16.321928, 2, 4036728, 21.944755, 490749, 18.904626, 788, 2382.671593
16, 16, 16.321928, 2, 490919, 18.905125, 60077, 15.874525, 95, 220.322772
16, 16, 16.321928, 2, 1145416, 20.127440, 138857, 17.083240, 223, 340.247923
16, 16, 16.321928, 2, 354201, 18.434209, 43340, 15.403412, 69, 163.224118
16, 16, 16.321928, 2, 778976, 19.571219, 94333, 16.525475, 152, 220.679243
16, 16, 16.321928, 2, 384103, 18.551134, 46505, 15.505098, 75, 440.954169
16, 16, 16.321928, 2, 5174726, 22.303051, 629648, 19.264186, 1010, 1726.735795
16, 16, 16.321928, 2, 1111814, 20.084484, 135153, 17.044234, 217, 725.631689
16, 16, 16.321928, 2, 1123546, 20.099628, 136648, 17.060105, 219, 412.054601
16, 16, 16.321928, 2, 1641195, 20.646315, 199934, 17.609164, 320, 646.869083
16, 16, 16.321928, 2, 1032010, 19.977026, 124957, 16.931072, 201, 356.147270
16, 16, 16.321928, 2, 505569, 18.947548, 61248, 15.902375, 98, 270.488909
16, 16, 16.321928, 2, 511571, 18.964575, 62173, 15.924001, 99, 133.746990
16, 16, 16.321928, 2, 3275834, 21.643431, 398620, 18.604655, 639, 2649.073735
16, 16, 16.321928, 2, 1941800, 20.888963, 236852, 17.853626, 379, 678.179222
16, 16, 16.321928, 2, 2831896, 21.433337, 342876, 18.387327, 553, 1991.183504
16, 16, 16.321928, 2, 3546036, 21.757776, 429693, 18.712947, 692, 1521.413868
16, 16, 16.321928, 2, 1193361, 20.186599, 146218, 17.157761, 233, 356.312086
16, 16, 16.321928, 2, 387743, 18.564741, 46913, 15.517700, 75, 208.882586
16, 16, 16.321928, 2, 1761959, 20.748749, 214940, 17.713574, 344, 1124.999987
16, 16, 16.321928, 2, 2442762, 21.220082, 297161, 18.180885, 477, 617.582099
16, 16, 16.321928, 2, 214200, 17.708599, 26313, 14.683488, 41, 153.667408
16, 16, 16.321928, 2, 3088765, 21.558599, 376054, 18.520580, 603, 807.032079
16, 16, 16.321928, 2, 477635, 18.865549, 57947, 15.822446, 93, 399.574556
16, 16, 16.321928, 2, 35581, 15.118819, 4275, 12.061709, 6, 33.612541
16, 16, 16.321928, 3, 107739, 16.717181, 20785, 14.343255, 21, 98.903402
16, 16, 16.321928, 3, 610443, 19.219497, 119926, 16.871785, 119, 428.503071
16, 16, 16.321928, 3, 278002, 18.084736, 55114, 15.750131, 54, 146.299867
16, 16, 16.321928, 3, 1114711, 20.088238, 218982, 17.740453, 217, 1074.302981
16, 16, 16.321928, 3, 945542, 19.850782, 186750, 17.510749, 184, 427.495522
16, 16, 16.321928, 3, 340622, 18.377812, 66909, 16.029913, 66, 617.198547
16, 16, 16.321928, 3, 1390843, 20.407528, 273318, 18.060221, 271, 756.567249
16, 16, 16.321928, 3, 40835, 15.317519, 7870, 12.942148, 7, 38.815569
16, 16, 16.321928, 3, 1380855, 20.397130, 271395, 18.050035, 269, 1096.860662
16, 16, 16.321928, 3, 1836556, 20.808571, 360216, 18.458503, 358, 1178.471849
16, 16, 16.321928, 3, 605349, 19.207408, 118276, 16.851798, 118, 451.931497
16, 16, 16.321928, 3, 740049, 19.497261, 146750, 17.163001, 144, 702.212178
16, 16, 16.321928, 3, 1674693, 20.675465, 329621, 18.330449, 327, 1540.764495
16, 16, 16.321928, 3, 72274, 16.141189, 13966, 13.769631, 14, 41.470132
16, 16, 16.321928, 3, 266685, 18.024777, 52378, 15.676673, 52, 304.715299
16, 16, 16.321928, 3, 2561689, 21.288664, 503277, 18.940993, 500, 2219.991276
16, 16, 16.321928, 3, 447776, 18.772418, 87858, 16.422886, 87, 280.845016
16, 16, 16.321928, 3, 763342, 19.541970, 149709, 17.191801, 149, 976.821048
16, 16, 16.321928, 3, 391854, 18.579957, 76694, 16.226826, 76, 747.994435
16, 16, 16.321928, 3, 262760, 18.003386, 52853, 15.689698, 51, 355.437114
16, 16, 16.321928, 3, 205971, 17.652082, 41156, 15.328815, 40, 98.871376
16, 16, 16.321928, 3, 207040, 17.659550, 41343, 15.335355, 40, 172.259046
16, 16, 16.321928, 3, 732892, 19.483241, 143655, 17.132249, 143, 371.466967
16, 16, 16.321928, 3, 1450398, 20.468017, 285590, 18.123586, 283, 584.251321
16, 16, 16.321928, 3, 1554974, 20.568459, 304542, 18.216282, 304, 1541.994920
16, 16, 16.321928, 3, 91488, 16.481295, 18197, 14.151413, 17, 79.257510
16, 16, 16.321928, 3, 190003, 17.535663, 37513, 15.195103, 37, 209.136611
16, 16, 16.321928, 3, 102706, 16.648161, 20317, 14.310400, 20, 78.295418
16, 16, 16.321928, 3, 2944912, 21.489793, 577328, 19.139032, 575, 2529.306726
16, 16, 16.321928, 3, 633360, 19.272666, 123742, 16.916976, 123, 843.647537
16, 16, 16.321928, 3, 129602, 16.983728, 25210, 14.621708, 25, 22.911746
16, 16, 16.321928, 3, 1411046, 20.428334, 275402, 18.071180, 275, 1907.289891
16, 16, 16.321928, 4, 289527, 18.143338, 82672, 16.335111, 56, 237.821158
16, 16, 16.321928, 4, 78394, 16.258456, 23309, 14.508599, 15, 80.919667
16, 16, 16.321928, 4, 1713691, 20.708676, 496413, 18.921181, 336, 2856.261925
16, 16, 16.321928, 4, 168999, 17.366655, 49174, 15.585608, 33, 216.030998
16, 16, 16.321928, 4, 225661, 17.783798, 65240, 15.993469, 44, 485.754919
16, 16, 16.321928, 4, 90484, 16.465375, 25905, 14.660943, 17, 167.932882
16, 16, 16.321928, 4, 548402, 19.064874, 160562, 17.292771, 107, 1035.652980
16, 16, 16.321928, 4, 122102, 16.897727, 35026, 15.096139, 23, 204.754700
16, 16, 16.321928, 4, 935406, 19.835233, 271391, 18.050013, 183, 13595.400263
16, 16, 16.321928, 4, 1162139, 20.148351, 334534, 18.351793, 227, 1354.524608
16, 16, 16.321928, 4, 928892, 19.825151, 268496, 18.034541, 182, 3799.151302
16, 16, 16.321928, 4, 2179111, 21.055308, 633948, 19.274005, 427, 2965.053539
16, 16, 16.321928, 4, 188786, 17.526392, 54604, 15.736719, 37, 267.382402
16, 16, 16.321928, 4, 914335, 19.802363, 266322, 18.022812, 179, 1585.772527
16, 16, 16.321928, 4, 1802146, 20.781284, 527062, 19.007613, 353, 2052.841810
16, 16, 16.321928, 4, 97170, 16.568223, 27870, 14.766425, 19, 88.907158
16, 16, 16.321928, 4, 14467, 13.820478, 4031, 11.976922, 2, 80.380241
16, 16, 16.321928, 4, 2127081, 21.020444, 619911, 19.241702, 416, 3817.023941
16, 16, 16.321928, 4, 1139600, 20.120096, 331293, 18.337748, 223, 1841.648721
16, 16, 16.321928, 4, 293547, 18.163232, 85297, 16.380207, 57, 178.851038
16, 16, 16.321928, 4, 2729477, 21.380193, 789977, 19.591451, 535, 6743.036469
16, 16, 16.321928, 4, 293777, 18.164362, 85808, 16.388825, 57, 977.573269
16, 16, 16.321928, 4, 155338, 17.245051, 46007, 15.489566, 30, 228.553483
16, 16, 16.321928, 4, 645993, 19.301159, 186059, 17.505401, 126, 851.586586
16, 16, 16.321928, 4, 208640, 17.670656, 61039, 15.897444, 40, 602.169896
16, 16, 16.321928, 4, 244612, 17.900136, 70960, 16.114718, 47, 492.706642
16, 16, 16.321928, 4, 1175127, 20.164385, 344763, 18.395245, 230, 5165.178971
16, 16, 16.321928, 4, 131475, 17.004429, 37663, 15.200860, 25, 297.867590
16, 16, 16.321928, 4, 187974, 17.520174, 54997, 15.747065, 36, 130.811542
16, 16, 16.321928, 4, 2535527, 21.273854, 738959, 19.495135, 497, 25006.591063
16, 16, 16.321928, 4, 231877, 17.823000, 66951, 16.030818, 45, 209.518044
16, 16, 16.321928, 4, 1005906, 19.940064, 289542, 18.143413, 197, 3495.380542
16, 16, 16.321928, 5, 396794, 18.598031, 163814, 17.321699, 78, 1246.638478
16, 16, 16.321928, 5, 611870, 19.222866, 245884, 17.907618, 121, 5468.185534
16, 16, 16.321928, 5, 225868, 17.785120, 92280, 16.493730, 44, 2871.596017
16, 16, 16.321928, 5, 188906, 17.527309, 75276, 16.199902, 37, 2434.369124
16, 16, 16.321928, 5, 228605, 17.802497, 93102, 16.506525, 45, 1086.762660
16, 16, 16.321928, 5, 52293, 15.674330, 21855, 14.415676, 10, 788.038941
16, 16, 16.321928, 5, 127307, 16.957952, 51385, 15.649060, 25, 649.236181
16, 16, 16.321928, 5, 93800, 16.517300, 37776, 15.205182, 18, 547.578559
16, 16, 16.321928, 5, 142539, 17.120997, 58519, 15.836617, 28, 441.554849
16, 16, 16.321928, 5, 715089, 19.447763, 291056, 18.150937, 142, 2014.322303
